testCaseId,testCaseTreeId,revision,versionNumber,lastModifiedOn,createDatetime
80366,23977,272,1,1764695115000,1764695096000
80364,23975,272,1,1764694328000,1764694319000
80363,23974,272,1,1764694335000,1764694319000
80360,23971,272,1,1764670851000,1764670904000
80359,23971,272,1,1764680329000,1764670904000
80358,23971,272,1,1764680354000,1764670904000
80357,23971,272,1,1764670851000,1764670904000
80356,23971,272,1,1764680392000,1764670904000
80355,23971,272,1,1764670851000,1764670904000
80354,23971,272,1,1764670851000,1764670904000
